RegionID,SizeRank,RegionName,RegionType,StateName,Y2019,Y2020,Y2021,Y2022,Y2023
394388,51,"Birmingham, AL",msa,AL,177985.8333,194561.4167,213150.3333,237430.5,233694.5
394698,114,"Huntsville, AL",msa,AL,180512.8333,205676.3333,244803.8333,281686.75,282933.25
394870,127,"Mobile, AL",msa,AL,138277.5833,151456.3333,175737.5833,185572.0833,190926.6667
394875,143,"Montgomery, AL",msa,AL,145288.75,155739,171147.5,176602.0833,174800.75
395171,188,"Tuscaloosa, AL",msa,AL,172150.3333,186917.3333,208807.4167,218097,228235.3333
394519,203,"Daphne, AL",msa,AL,241436.9167,262500.3333,313955.5833,360764.9167,367425
394351,253,"Auburn, AL",msa,AL,197325,213772.1667,245062.75,260073.25,277416.5
394523,276,"Decatur, AL",msa,AL,127752.5833,139687.1667,157964.4167,186439.0833,195068
394598,292,"Florence, AL",msa,AL,122185.0833,130685,142354,151957.0833,169560.75
394537,293,"Dothan, AL",msa,AL,132746,144747,158230.4167,171109.8333,173903.1667
394333,357,"Anniston, AL",msa,AL,99870.58333,108060.1667,133666.9167,153717.8333,151511.5833
394620,383,"Gadsden, AL",msa,AL,120569.25,153352.25,176244.0833,178549.4167,194742.3333
394311,406,"Albertville, AL",msa,AL,131585.75,149467.8333,174023.4167,193207.0833,201046.8333
394511,424,"Cullman, AL",msa,AL,144930.0833,167224.5,200414.75,230174.25,237577.0833
395145,443,"Talladega, AL",msa,AL,143392.3333,148579.75,168807.5833,184953.4167,188032.5
394571,585,"Enterprise, AL",msa,AL,139455.4167,150228.75,168922.3333,185986.4167,194058.1667
753911,608,"Ozark, AL",msa,AL,104773.6667,116497.9167,130584.4167,140916.75,148229.4167
394798,81,"Little Rock, AR",msa,AR,154752.1667,167152.3333,182709.3333,201417.3333,205455.75
394590,108,"Fayetteville, AR",msa,AR,193961.75,212311.1667,250681.8333,305978.25,325166.5833
394609,196,"Fort Smith, AR",msa,AR,121487.75,134756.25,157837.5833,167673.3333,175494.8333
394728,323,"Jonesboro, AR",msa,AR,141710.3333,151108.0833,172893,188362.3333,189631.0833
394689,392,"Hot Springs, AR",msa,AR,154562.6667,172688,213092.1667,239329.0833,242015
394980,421,"Pine Bluff, AR",msa,AR,100006.8333,104201.6667,123747.0833,134343.1667,130107.4167
395042,435,"Russellville, AR",msa,AR,126229.75,141507.5,151539.6667,164714.6667,170637.4167
395077,461,"Searcy, AR",msa,AR,118157.25,134736,150640.5833,159471.5,171703.3333
394961,647,"Paragould, AR",msa,AR,115673.3333,136841.9167,153035.75,161599.8333,163549.75
394667,658,"Harrison, AR",msa,AR,120665.0833,137020.1667,165256,196916.6667,206646.3333
394891,686,"Mountain Home, AR",msa,AR,136303.3333,153368.5,168716.0833,176971.4167,196237.1667
394976,11,"Phoenix, AZ",msa,AZ,269227.6667,304282.9167,378234.1667,443626.6667,427463.25
395167,54,"Tucson, AZ",msa,AZ,209150.9167,232026.75,279537.3333,323006.75,325268.8333
845160,198,"Prescott Valley, AZ",msa,AZ,304857.9167,342377.9167,417592.9167,469528.5833,484364.25
394765,218,"Lake Havasu City, AZ",msa,AZ,215101.5,245832.8333,291690.0833,323179.3333,316160.5
395247,225,"Yuma, AZ",msa,AZ,168177.25,185678.5,229339.25,263359.5833,270239.3333
394595,302,"Flagstaff, AZ",msa,AZ,354333.3333,389083.3333,490917.75,606230.6667,609301.5833
395098,335,"Sierra Vista, AZ",msa,AZ,163881.25,179374.9167,202025.3333,236733.25,242995.5833
395095,372,"Show Low, AZ",msa,AZ,220265.5,243068.9167,303827,349775.25,371444.0833
394967,583,"Payson, AZ",msa,AZ,240667.8333,262832.25,335434.6667,379177.5,376571.8333
394918,625,"Nogales, AZ",msa,AZ,172681.4167,207660.5,241403.4167,287220.6667,290023.1667
753899,2,"Los Angeles, CA",msa,CA,630698.8333,679713.4167,790236.3333,861202.75,858164.0833
395057,12,"San Francisco, CA",msa,CA,865038.0833,899961.4167,1038505.25,1113259.75,1056979.5
395025,13,"Riverside, CA",msa,CA,357629.25,390504.3333,470608.4167,531040,521115.9167
395056,17,"San Diego, CA",msa,CA,568406.0833,606507.5,715972.5,800021.6667,823779.1667
395045,26,"Sacramento, CA",msa,CA,396086.6667,429022.75,509944.75,552555.8333,532964.9167
395059,36,"San Jose, CA",msa,CA,1071730.167,1127080,1271229.083,1400179.75,1396319.25
394619,57,"Fresno, CA",msa,CA,262553,285102.25,336381.5833,376975.0833,371552
394357,63,"Bakersfield, CA",msa,CA,229978,249683.9167,287636.25,321731,325835.9167
394952,71,"Oxnard, CA",msa,CA,591610.3333,633975,732962.8333,803992.3333,806382.0833
395134,77,"Stockton, CA",msa,CA,359372.75,391302.9167,466678.9167,509011.5833,491491.5
394871,103,"Modesto, CA",msa,CA,314201.75,344024.5,403601.75,442850.25,435441.0833
395068,112,"Santa Rosa, CA",msa,CA,606739.8333,635831.4167,696399.0833,764908.6667,766081.25
395195,119,"Visalia, CA",msa,CA,223762.8333,245861.5833,290370.5833,323618.9167,320758.9167
395183,123,"Vallejo, CA",msa,CA,427221.5,457500.1667,528888.75,575473.75,561652.25
753917,124,"Santa Maria, CA",msa,CA,570552.25,639099.1667,753061.3333,789277.25,818661
395050,125,"Salinas, CA",msa,CA,601321.3333,683764.6667,784568.6667,831827.5,845508.5
395061,175,"San Luis Obispo, CA",msa,CA,582992.5,610308.8333,703258.8333,799167.8333,806746.25
394851,177,"Merced, CA",msa,CA,264076.6667,288653.75,345411.0833,390160.9167,387396.25
395065,183,"Santa Cruz, CA",msa,CA,789370.9167,838852.8333,981180.25,1135196.833,1073722.583
394464,215,"Chico, CA",msa,CA,319270.25,332292,378565.9167,400193.5,368246.6667
395018,240,"Redding, CA",msa,CA,263573.1667,286272.1667,329115.5,359959.4167,351789.6667
395246,247,"Yuba City, CA",msa,CA,294060.4167,316914.8333,375928.8333,413914.3333,399720.25
394814,275,"Madera, CA",msa,CA,264981.9167,294150.1667,349477.6667,388461.4167,399286.5833
394662,290,"Hanford, CA",msa,CA,228906,250028.8333,292662.4167,317567.5,325025.75
394900,312,"Napa, CA",msa,CA,672017.9167,699417.3333,796401.0833,896666.25,842529.6667
394577,315,"Eureka, CA",msa,CA,310390.5,321409.3333,381845.3333,431070.6667,415203.75
395166,389,"Truckee, CA",msa,CA,443873,483956.4167,584399.0833,600076.5833,582650.8333
395175,416,"Ukiah, CA",msa,CA,391785.75,420815.8333,490007.5,523159.8333,478615.5
394472,492,"Clearlake, CA",msa,CA,244988.6667,271398.0833,314369.75,333942.1667,313959
395016,506,"Red Bluff, CA",msa,CA,236616.4167,254566.8333,302140.0833,308952.75,311417.25
394530,19,"Denver, CO",msa,CO,401095.9167,432722.5,508490.3333,576295.4167,561333.75
394484,80,"Colorado Springs, CO",msa,CO,300263.3333,337334.5833,401088.6667,444766.5833,438222.75
394602,152,"Fort Collins, CO",msa,CO,379305.1667,395573.9167,447098.5833,523530.3333,537336.8333
394405,156,"Boulder, CO",msa,CO,519343.5833,538000.4167,618450.5,713805.25,727761.5833
394645,161,"Greeley, CO",msa,CO,340062.3333,364178.3333,420010,472411.6667,465991.4167
395007,264,"Pueblo, CO",msa,CO,183222.4167,203504,247170.75,268361.8333,272162.3333
394639,280,"Grand Junction, CO",msa,CO,246955.1667,272844.8333,313843.0833,359664.0833,368985.25
753881,456,"Glenwood Springs, CO",msa,CO,421475.8333,498493.4167,595932.75,557463.4167,630568.5833
394556,566,"Edwards, CO",msa,CO,642204.9167,744551.0833,860383.8333,996427.0833,1196221.75
394547,567,"Durango, CO",msa,CO,382125.1667,415783.25,467737.8333,522311.5833,583878.8333
394437,612,"Ca-Â¦on City, CO",msa,CO,206819.25,233713.0833,295441.3333,322001.9167,335126.4167
394876,628,"Montrose, CO",msa,CO,249469.4167,278803.4167,379892.4167,438030.1667,448037.1667
753871,811,"Breckenridge, CO",msa,CO,585992.8333,634808.4167,780731.6667,917991.4167,943776.9167
753921,867,"Steamboat Springs, CO",msa,CO,440288,541009.9167,659149,822923.6667,835582.1667
394669,49,"Hartford, CT",msa,CT,219013,237744.8333,260833.3333,280804.75,306199.0833
394415,60,"Bridgeport, CT",msa,CT,383502.4167,435549.1667,490268.5,508601.5,539619.25
394908,68,"New Haven, CT",msa,CT,210307.1667,228796.5,260421.6667,285230.25,304280
394924,185,"Norwich, CT",msa,CT,224748.0833,243722.6667,273455,293973.4167,314072.4167
395162,236,"Torrington, CT",msa,CT,212867.6667,256581.75,276053.8333,293618.3333,315406.3333
395051,134,"Salisbury, MD",msa,DE,238694.25,270214.3333,309222.1667,349015.9167,362147.3333
394539,244,"Dover, DE",msa,DE,211063.3333,231121.5833,265394.25,288653.6667,299115.4167
394856,8,"Miami, FL",msa,FL,269301.1667,296718.4167,340874,392527.0833,425825.3333
395148,18,"Tampa, FL",msa,FL,211533.75,235494.3333,279526.25,343773.0833,353448.6667
394943,22,"Orlando, FL",msa,FL,239189.1667,259543.8333,299509.3333,358667.9167,373212.5
394714,40,"Jacksonville, FL",msa,FL,213130.5833,235535,274172.4167,321543.6667,325998.5833
753906,73,"North Port, FL",msa,FL,258482.6667,279729.25,336985.5833,427637.25,439799.1667
394440,78,"Cape Coral, FL",msa,FL,224987.0833,244504.25,263050.5833,301011.5,314677.1667
394766,82,"Lakeland, FL",msa,FL,181269.8333,202911.5833,240113.25,298971.6667,298770.0833
394528,90,"Deltona, FL",msa,FL,206411.3333,224662.0833,267069.25,319280.75,323301.1667
394957,97,"Palm Bay, FL",msa,FL,206525.25,230373.4167,270916.0833,320180.75,327436.9167
394971,111,"Pensacola, FL",msa,FL,192289.25,214272.25,248046.1667,282976.4167,289251.5833
394995,115,"Port St. Lucie, FL",msa,FL,222770.5833,240958.5833,290100.9167,352587.1667,363141.25
395146,145,"Tallahassee, FL",msa,FL,173992.5833,195705,205564.5,226069.8333,246994.75
394901,147,"Naples, FL",msa,FL,313707.0833,342950.1667,408526.1667,520661.3333,570929.5
394927,149,"Ocala, FL",msa,FL,156294,168188.8333,205736,252427.5833,258014.1667
394622,155,"Gainesville, FL",msa,FL,185599.25,200659.1667,226654.3333,252239,275811.4167
753875,176,"Crestview, FL",msa,FL,272287.5833,316155.25,384249.5833,425909,426132.1667
395009,237,"Punta Gorda, FL",msa,FL,202177.5833,227297,258623.75,318689.0833,314731
394960,242,"Panama City, FL",msa,FL,204088.5,234662.8333,289615.75,345701.5,349539.5
395079,274,"Sebastian, FL",msa,FL,221580.3333,240274.25,283623.5833,324364.6667,347136.9167
394685,289,"Homosassa Springs, FL",msa,FL,152999.4167,169437.4167,207216.75,254746.1667,262134.5
395153,329,"The Villages, FL",msa,FL,266351.5,277733.8333,305724.3333,387867.25,394899.25
395080,390,"Sebring, FL",msa,FL,133762.1667,152665.4167,176922,212154.5833,219918.8333
394744,442,"Key West, FL",msa,FL,539371.6667,601915.0833,704700.4167,848839.5,922282.25
394955,479,"Palatka, FL",msa,FL,130286.6667,153604.8333,158854.3333,185045.6667,194866.4167
394764,489,"Lake City, FL",msa,FL,145443.75,175316.3333,202015.9167,221979.9167,231648.6667
394934,701,"Okeechobee, FL",msa,FL,143604.9167,159181,191523.8333,230072.0833,208068.5
394347,9,"Atlanta, GA",msa,GA,221768.8333,245960.75,293303.8333,338215.75,346916.4167
394352,96,"Augusta, GA",msa,GA,159146.6667,171813.4167,198037.9167,218321.25,226269.25
395070,138,"Savannah, GA",msa,GA,203532,221170.5833,251674.8333,284553.0833,311880.8333
394488,158,"Columbus, GA",msa,GA,146537.5,157160.9167,172752.5833,177692.0833,179557.0833
394813,200,"Macon, GA",msa,GA,121354.9167,132564.0833,136579,138730.6667,146855.0833
394346,217,"Athens, GA",msa,GA,190189.25,217767.0833,243651.8333,284883,310862.75
394623,226,"Gainesville, GA",msa,GA,223718.1667,246382.4167,291210.5833,339216.75,354870.1667
395202,234,"Warner Robins, GA",msa,GA,145636.25,155618.75,166146.5833,193896.0833,215547.5
394306,295,"Albany, GA",msa,GA,117475.6667,129350.1667,147344.4167,147003.3333,161433.3333
395182,300,"Valdosta, GA",msa,GA,141705,147035.75,167365.0833,187349.75,202002.1667
394515,305,"Dalton, GA",msa,GA,135135.1667,151564.6667,178926.25,197751.5,216297.3333
394423,360,"Brunswick, GA",msa,GA,209989.0833,251700,275552.5,300081.6667,313382.8333
394762,379,"LaGrange, GA",msa,GA,127215,139357.5833,158775.8333,171879.9167,178348
395038,401,"Rome, GA",msa,GA,129241.3333,140099.8333,165723.8333,185794.3333,193960.3333
394682,449,"Hinesville, GA",msa,GA,137095.4167,144006.5,169362,201849.1667,227585.9167
395126,453,"Statesboro, GA",msa,GA,139585.1667,153230.6667,173249.4167,199800.5833,238354.5
753893,477,"Jefferson, GA",msa,GA,218983.0833,245871.0833,287224.5,343066.3333,357361.8333
394540,511,"Dublin, GA",msa,GA,111719.5,111983.75,109455,155343.5,150377.9167
394432,553,"Calhoun, GA",msa,GA,148068.25,160728.1667,191293.8333,223507.5,237817
395216,563,"Waycross, GA",msa,GA,96387.83333,107400.9167,128584.75,150706.9167,151718.9167
395122,576,"St. Marys, GA",msa,GA,167834.0833,183259.5,213153.25,244983.3333,270611.75
394861,588,"Milledgeville, GA",msa,GA,156329.4167,195299.4167,220040.6667,246891.8333,263798.1667
394500,644,"Cornelia, GA",msa,GA,171552.5,198968.75,232894.3333,248666.25,266286.75
394448,675,"Cedartown, GA",msa,GA,103392.1667,126230.75,160217.8333,186768.0833,193769.9167
753924,55,"Urban Honolulu, HI",msa,HI,576370.1667,603123.8333,640414.75,681336.5833,665708.0833
394680,229,"Hilo, HI",msa,HI,372573.1667,412672.1667,480775,525889.6667,536745.6667
394731,267,"Kahului, HI",msa,HI,619346.3333,663564.3333,777831.1667,900492.25,916361.5833
394736,478,"Kapaa, HI",msa,HI,623200.1667,697887.0833,794079,911231.0833,933722.25
394531,84,"Des Moines, IA",msa,IA,184732.5833,198286.3333,215808.75,229002.5833,242010.9167
394447,179,"Cedar Rapids, IA",msa,IA,153571.75,161601.75,172486.0833,183184.75,191602.9167
394707,252,"Iowa City, IA",msa,IA,219076,226944.3333,233259.3333,245188.5833,265454.3333
395210,261,"Waterloo, IA",msa,IA,141385.6667,144468.9167,151235.1667,158836.6667,168127.9167
395102,297,"Sioux City, IA",msa,IA,143675.5833,153821.8333,165236.6667,187940.25,198018
394325,336,"Ames, IA",msa,IA,176628.5,189228.5833,200211,212670.3333,229636.8333
394542,396,"Dubuque, IA",msa,IA,169584.4167,176552,184519.4167,198200.9167,210046.5833
394838,598,"Mason City, IA",msa,IA,118435.9167,125511.25,128195.5,138366.25,157526.25
394477,631,"Clinton, IA",msa,IA,105517.5833,110051.75,116947.75,140942,136260.8333
394427,649,"Burlington, IA",msa,IA,104575.25,110282.25,116369.9167,123183.5,124529.1667
394895,670,"Muscatine, IA",msa,IA,135264.4167,141335,149364.5,163324.1667,177913.1667
394399,79,"Boise City, ID",msa,ID,280751.6667,327324.6667,433748.75,478807.6667,453928.9167
394480,262,"Coeur d'Alene, ID",msa,ID,314994.3333,377727.75,474725.0833,536594.5833,515934.5833
394703,279,"Idaho Falls, ID",msa,ID,220878.0833,254117.1667,335774.6667,388182.5,367367.0833
395173,361,"Twin Falls, ID",msa,ID,199488,223700.9167,292673.25,333179.5,327931.5
394988,412,"Pocatello, ID",msa,ID,188087.9167,219620.3333,272599.5833,316327.1667,324451.1667
394787,518,"Lewiston, ID",msa,ID,215641.6667,240636.3333,274470.0833,322003.75,331524.6667
394463,3,"Chicago, IL",msa,IL,225267.6667,242673.4167,265054.25,276256.9167,285857.4167
394972,136,"Peoria, IL",msa,IL,115849.5,122018.75,123501.5833,126585.5833,132586.75
394520,144,"Davenport, IA",msa,IL,131220.75,138961.4167,147973.25,153090.1667,158561.3333
395033,153,"Rockford, IL",msa,IL,121441.5833,128881.1667,139308.8333,146747.9167,154162.75
394454,209,"Champaign, IL",msa,IL,143242.9167,149315.4167,155322.5,166308.6667,172081
395114,220,"Springfield, IL",msa,IL,131213.5833,139441.0833,136144.4167,145064.0833,145279.9167
753869,255,"Bloomington, IL",msa,IL,152066.25,156690.5,163035.8333,182951.0833,201798.9167
845167,296,"Ottawa, IL",msa,IL,105025.3333,117853.0833,121519.6667,128969,130838.5
394442,321,"Carbondale, IL",msa,IL,128669.1667,127308.8333,118988.9167,119383.6667,126252.25
394734,370,"Kankakee, IL",msa,IL,141514.8333,150058.25,165175.1667,169964.8333,168018.4167
394524,378,"Decatur, IL",msa,IL,92438.66667,95067.25,101081,108907.25,112215.6667
395010,468,"Quincy, IL",msa,IL,117103.9167,125067.6667,130767,138894.5833,140172.8333
394516,472,"Danville, IL",msa,IL,64899.91667,72939.66667,76340.33333,86425.91667,86974.16667
394456,549,"Charleston, IL",msa,IL,91318.83333,96820.66667,104815.25,106384,114519.25
395131,560,"Sterling, IL",msa,IL,84027,90990.41667,97084.58333,110803,105225.9167
395029,594,"Rochelle, IL",msa,IL,130893.0833,141899.4167,155266.25,152482.5,159770
394625,600,"Galesburg, IL",msa,IL,83420.25,82862.66667,83086.5,90956.25,95806.58333
394616,657,"Freeport, IL",msa,IL,70373.33333,89592.5,108314.0833,127266.1667,118905.25
394795,834,"Lincoln, IL",msa,IL,81422,99006.16667,92550,103151.0833,106136.8333
394705,34,"Indianapolis, IN",msa,IN,173258.5,193052.4167,217528.1667,245751.75,253777.75
394612,132,"Fort Wayne, IN",msa,IN,150000.3333,160740.6667,177860.5,200327.8333,213789.1667
395107,159,"South Bend, IN",msa,IN,136631.5833,150664.1667,163424.3333,181696.8333,184947.8333
394579,165,"Evansville, IN",msa,IN,145925,155021.1667,171396.8333,178477.4167,191371.9167
753895,208,"Lafayette, IN",msa,IN,161092.5,176573.6667,194237.3333,211760.3333,233123.4167
394565,223,"Elkhart, IN",msa,IN,157396.75,172454.75,193235.3333,212779.8333,217798.4167
395151,235,"Terre Haute, IN",msa,IN,115749.6667,119758.0833,123300.8333,133756.6667,138895.0833
394393,270,"Bloomington, IN",msa,IN,194608.1667,213177.75,236670.9167,253678.9167,262521.5833
394893,364,"Muncie, IN",msa,IN,104690.4167,115072.6667,120926,130472.4167,144919.8333
394857,365,"Michigan City, IN",msa,IN,140591.4167,153567.1667,163994.4167,186172.6667,191725.5833
394755,438,"Kokomo, IN",msa,IN,112238,119398.3333,128814.9167,147452.9167,151613.5
394489,445,"Columbus, IN",msa,IN,177026.6667,185900.3333,219622.25,236917.0833,239121.5
395205,451,"Warsaw, IN",msa,IN,175251.5,191149.9167,205115.8333,215995.1667,241399.9167
394826,497,"Marion, IN",msa,IN,92412.16667,100356.5833,107942.8333,122471.5833,127578.6667
394721,565,"Jasper, IN",msa,IN,149549.3333,165424.0833,167224.6667,176637.5833,188123.75
394906,614,"New Castle, IN",msa,IN,100898.3333,105845.5833,125426,137744.1667,147477.0833
394739,627,"Kendallville, IN",msa,IN,137147.3333,142469.9167,170511,188547.5833,201637.25
395087,639,"Seymour, IN",msa,IN,131065.9167,148140.6667,161181.0833,176975.4167,190926.6667
394375,654,"Bedford, IN",msa,IN,123280.0833,139403,155451.3333,166576.3333,172540.25
394349,672,"Auburn, IN",msa,IN,138962.8333,150600.9167,166685.75,181412.6667,200822.0833
394507,722,"Crawfordsville, IN",msa,IN,125735.4167,138940.4167,156324.6667,163403.3333,169325
394696,748,"Huntington, IN",msa,IN,113550.8333,119867.6667,137745.5833,152480.8333,161840.6667
394331,774,"Angola, IN",msa,IN,148321.25,204429,222333.5833,244634.6667,272134.4167
395224,94,"Wichita, KS",msa,KS,159053.6667,174335.9167,191750.25,208994.0833,223183.3333
395161,199,"Topeka, KS",msa,KS,141226.9167,151918.0833,172712.8333,192606.4167,211382.5
394821,320,"Manhattan, KS",msa,KS,176671.0833,180925.1667,191176.6667,205285.9167,209654.5833
394778,349,"Lawrence, KS",msa,KS,211555.5,232068.5,248575.4167,274592.3333,294085.1667
395049,537,"Salina, KS",msa,KS,83711.25,148765.6667,138223.8333,153251.75,167246.25
394807,46,"Louisville, KY",msa,KY,176938.1667,191279.5833,209617.9167,227216.1667,236849.3333
394792,110,"Lexington, KY",msa,KY,180942.5,202058,229716.8333,256796.5,277105.75
394406,248,"Bowling Green, KY",msa,KY,171984.9167,192867.8333,211948.75,232655.25,247890.5
394563,281,"Elizabethtown, KY",msa,KY,153035.75,173557.25,191077.25,213693.4167,224584.5
394802,294,"London, KY",msa,KY,123609.5,131738.75,153708.6667,166925.0833,178208
395023,373,"Richmond, KY",msa,KY,158169.75,181404.75,201644.1667,225081.0833,242728.9167
394953,399,"Paducah, KY",msa,KY,123312.9167,137611.8333,150054.0833,158027.5833,167621
394614,471,"Frankfort, KY",msa,KY,145486.8333,159351.5833,176003.75,201418.8333,218100.6667
395105,513,"Somerset, KY",msa,KY,140546.0833,153926.75,175666.0833,197720.25,215130.9167
394517,574,"Danville, KY",msa,KY,121913.6667,137980.4167,163227.9167,184767.9167,191643.0833
394887,630,"Mount Sterling, KY",msa,KY,121085.0833,130980.0833,152342.9167,172293.5,175629.75
753865,633,"Bardstown, KY",msa,KY,154536.3333,172977.4167,195168.6667,229435.75,228806.8333
394817,650,"Madisonville, KY",msa,KY,99223.91667,111549.75,125196.75,142095.75,159610.6667
394894,734,"Murray, KY",msa,KY,140001.5,152945.0833,178523.8333,174348.4167,197676.1667
394910,47,"New Orleans, LA",msa,LA,195121.0833,209556.75,241325.25,265022.5833,256085.0833
394367,66,"Baton Rouge, LA",msa,LA,187832.3333,198306.1667,217595.5,235144.1667,230251.0833
394761,116,"Lafayette, LA",msa,LA,170809.8333,178507.0833,197232.5,210256.5,203005.6667
395096,141,"Shreveport, LA",msa,LA,140341.25,150431.5833,179294.9167,188016.8333,183639.75
394763,213,"Lake Charles, LA",msa,LA,179553.75,188339.8333,175414.75,187737.5,189559
394691,221,"Houma, LA",msa,LA,153578.4167,167557.4167,174220,170140.0833,173622.25
394872,222,"Monroe, LA",msa,LA,154154.9167,169959.8333,184929.6667,186678.4167,175411.5
394314,286,"Alexandria, LA",msa,LA,147121.6667,166174.75,173062.9167,182264.8333,179353.9167
394661,325,"Hammond, LA",msa,LA,157678.1667,175398.25,193507.6667,213770.1667,210909.8333
394941,440,"Opelousas, LA",msa,LA,105409.6667,112582,132972.5833,152733,142505.4167
394404,10,"Boston, MA",msa,MA,439862.3333,481132.6667,547770.9167,598997.4167,615308.75
395238,58,"Worcester, MA",msa,MA,261304.8333,289913.5,329457,366797.25,390670.5833
395115,85,"Springfield, MA",msa,MA,210700.1667,227556.75,255231.9167,283977.25,295992.5
394361,202,"Barnstable Town, MA",msa,MA,388032.25,431496.4167,516583.25,585103,624624.25
394983,326,"Pittsfield, MA",msa,MA,211703.0833,244835.1667,269351.5,302989.25,318307.1667
394358,20,"Baltimore, MD",msa,MD,265888.1667,287269.4167,302277,318569.6667,332002.8333
394660,170,"Hagerstown, MD",msa,MD,182570.9167,203605.75,226210.5833,252934.8333,266328.9167
753872,361,"California, MD",msa,MD,274050.1667,300985.8333,325884.75,348426.25,363003.6667
394513,409,"Cumberland, MD",msa,MD,103061.3333,116836.25,145407.3333,153065.3333,144891.0833
394554,729,"Easton, MD",msa,MD,328206.5,388041.75,405914.3333,395682.25,436913
394433,799,"Cambridge, MD",msa,MD,160368.3333,188906.5,227286.9167,253011.4167,230982.4167
394997,105,"Portland, ME",msa,ME,286971.9167,318491.4167,376072.3333,418472.3333,451311.4167
394359,288,"Bangor, ME",msa,ME,145318.75,161747.75,187809.5833,212880.4167,237226.5833
394353,339,"Augusta, ME",msa,ME,160596.75,184044.1667,228004.4167,251759.9167,283943.9167
394788,367,"Lewiston, ME",msa,ME,168882.6667,191987.9167,225480.5833,256904.0833,296806.5833
394532,14,"Detroit, MI",msa,MI,168367,185462.1667,204603.8333,218684.5,222182.3333
394640,53,"Grand Rapids, MI",msa,MI,191387.4167,211259.5833,241189.25,271589.75,287277.6667
394770,107,"Lansing, MI",msa,MI,142557.75,153959.0833,164977.4167,174717.1667,185145
394596,135,"Flint, MI",msa,MI,135972.5833,146788.0833,161611.5,172064.5833,174531.3333
394332,148,"Ann Arbor, MI",msa,MI,265957.75,273730.5833,308111.25,332699.25,345511.0833
394732,190,"Kalamazoo, MI",msa,MI,159242.5833,173237.25,194989.0833,212628.1667,226843
395047,233,"Saginaw, MI",msa,MI,102085,112732.3333,131572.5,138619.25,145400.1667
394896,250,"Muskegon, MI",msa,MI,132157.4167,141605.6667,158923,181189.6667,189922.25
394710,272,"Jackson, MI",msa,MI,132908.4167,143730.25,157757.4167,164616.9167,171420.6667
394917,282,"Niles, MI",msa,MI,172246.0833,192091.5833,202588.4167,217171.1667,230455.4167
394873,283,"Monroe, MI",msa,MI,166639,174439.4167,187785.5,209220.8333,217189.25
395163,287,"Traverse City, MI",msa,MI,230200.0833,254085.5,282195.3333,326940.3333,359592.9167
394368,318,"Battle Creek, MI",msa,MI,118746,127343.75,142605.3333,151740.75,154240.0833
753890,347,"Holland, MI",msa,MI,181055,212537.3333,237166.6667,272397.25,267302
394369,380,"Bay City, MI",msa,MI,95326.66667,100392.4167,120473.1667,136808.3333,138828.0833
394302,393,"Adrian, MI",msa,MI,142709.5,149622.0833,163380.6667,186096.8333,186414.4167
394859,437,"Midland, MI",msa,MI,142425.8333,143335.5833,166934.3333,192485.1667,195964.6667
394829,500,"Marquette, MI",msa,MI,158208.75,171632.5833,168570.25,180318.6667,206123.0833
394885,502,"Mount Pleasant, MI",msa,MI,137243.9167,142396.4167,142626.25,154129.8333,164999.6667
395136,532,"Sturgis, MI",msa,MI,121429.5833,133761.9167,150372.0833,164280.8333,165369.3333
394431,617,"Cadillac, MI",msa,MI,124131.25,146058.0833,165103,178126.6667,205349.0833
753889,645,"Hillsdale, MI",msa,MI,116590.25,140261.5,145686,172332.5,163019.4167
394482,660,"Coldwater, MI",msa,MI,116150.1667,121654.3333,135848.75,156971.5833,164940.8333
394319,684,"Alma, MI",msa,MI,88947.41667,106399,115748.25,128760.0833,140342.0833
394384,697,"Big Rapids, MI",msa,MI,117159.1667,141630.8333,150987.5833,170831.4167,170539.3333
753901,822,"Ludington, MI",msa,MI,129556.4167,163114.25,180613.6667,215418.25,210924
394865,16,"Minneapolis, MN",msa,MN,262747.6667,284056.5833,316143.6667,337173.6667,342123.5
394543,171,"Duluth, MN",msa,MN,153350.9167,166410.6667,185413,203614.3333,217291.25
395030,207,"Rochester, MN",msa,MN,211762.5,229120.5833,249438.3333,275365.6667,276248.8333
395118,230,"St. Cloud, MN",msa,MN,184582.75,199026.5833,220985.75,242432.0833,256376.8333
394637,377,"Grand Forks, ND",msa,MN,198693.3333,198533.4167,204183.4167,217859.1667,221557.75
394823,386,"Mankato, MN",msa,MN,191843.0833,211636.0833,224522.1667,235010.1667,249223.9167
394410,408,"Brainerd, MN",msa,MN,204550.25,225707.5,257586.4167,285272.1667,306444.9167
394586,498,"Faribault, MN",msa,MN,226096.25,241090.4167,271290.25,276478.5,287940.6667
395228,668,"Willmar, MN",msa,MN,153559.1667,174032.75,179719.25,191947,213710.3333
394354,698,"Austin, MN",msa,MN,109209.5833,126625.5,141027.0833,155830.1667,168605.25
394948,730,"Owatonna, MN",msa,MN,164733.8333,187448.6667,205736.3333,233215.9167,249350.5
395121,21,"St. Louis, MO",msa,MO,173795.1667,186664.9167,200777.5,213413.8333,220712.6667
394735,31,"Kansas City, MO",msa,MO,205128.25,223613,250300.0833,277212.8333,283027.6667
395116,118,"Springfield, MO",msa,MO,152651.9167,167123.1667,202808.1667,237347.3333,242734.6667
394485,219,"Columbia, MO",msa,MO,189875.9167,202362.5,223518,249607.3333,267442.75
394729,243,"Joplin, MO",msa,MO,124659.5,138477.3333,156193.3333,168570.5,173782.3333
394723,291,"Jefferson City, MO",msa,MO,146480.6667,160037.5,180033.5,200434.0833,217245.5
395120,343,"St. Joseph, MO",msa,MO,127485.9167,133270.0833,144953.8333,152639.5833,161145.4167
394441,405,"Cape Girardeau, MO",msa,MO,151951.5833,161886.9167,169247.1667,181335.3333,195033
394587,495,"Farmington, MO",msa,MO,125843.75,140933.6667,154546.4167,167508.3333,171456.9167
394411,561,"Branson, MO",msa,MO,152878.25,175038.5833,223546.5833,249413.25,249279.5
395204,578,"Warrensburg, MO",msa,MO,171191.8333,187642.9167,210708.8333,230131.25,248747.0833
394604,580,"Fort Leonard Wood, MO",msa,MO,150439.5833,161611,173338.0833,191106,201223.1667
394993,581,"Poplar Bluff, MO",msa,MO,105682.3333,124507,130370.9167,140110.0833,143538.9167
395037,659,"Rolla, MO",msa,MO,135509.5833,152131.75,167914.5,180572.0833,192747.0833
394781,755,"Lebanon, MO",msa,MO,129546.4167,134666.8333,166134,178956.5,182156.75
394711,98,"Jackson, MS",msa,MS,175754.9167,197567.8333,219276.4167,238962.1667,226139.1667
394658,133,"Gulfport, MS",msa,MS,146200.8333,162128.5,180354.25,203532.0833,210452.9167
394386,239,"Billings, MT",msa,MT,268727.5,286071.25,324959.0833,387054.6667,397747.8333
394867,354,"Missoula, MT",msa,MT,305919.0833,338382.5833,436568,510062.8333,523274.75
394407,356,"Bozeman, MT",msa,MT,392355.9167,445917.4167,573377.75,665089,680649
394733,384,"Kalispell, MT",msa,MT,323114,359848.1667,481954.8333,572975.25,561308.6667
394644,433,"Great Falls, MT",msa,MT,191149.0833,205516.25,234657.25,274785.0833,294633.6667
394675,441,"Helena, MT",msa,MT,265231.5,283558.25,360998,423999.25,419613.1667
394458,23,"Charlotte, NC",msa,NC,228823.75,254583.75,297010.75,344621.75,352225.25
395012,43,"Raleigh, NC",msa,NC,260376.5,283034.4167,337217.3333,395569.25,402681.8333
394648,76,"Greensboro, NC",msa,NC,153435,166362.3333,186868.4167,211065.5,225334.5
395235,89,"Winston, NC",msa,NC,155974.4167,174414.1667,193548.0833,224724,233650
394549,95,"Durham, NC",msa,NC,246985.9167,268208.8333,321534.4167,373025.5833,381665.5833
394589,109,"Fayetteville, NC",msa,NC,149644,162299.1667,183487.4167,206798.5833,219568.0833
394338,121,"Asheville, NC",msa,NC,266616.4167,291003.5,336760.4167,369021.1667,397304.5833
394679,150,"Hickory, NC",msa,NC,154519.9167,174681.6667,192582.0833,219260,234780.3333
395229,174,"Wilmington, NC",msa,NC,240285.8333,269045.0833,303329.4167,358140.0833,389371
394716,227,"Jacksonville, NC",msa,NC,161866,175154,193976.25,224856.8333,249268.1667
394651,259,"Greenville, NC",msa,NC,145044.0833,154396.25,177105.1667,206498.75,221553.4167
394428,260,"Burlington, NC",msa,NC,158630,173465.8333,202078.1667,234104.6667,237463.6667
395036,303,"Rocky Mount, NC",msa,NC,115376.0833,128494.1667,147222.5,169850.1667,170928.1667
394905,341,"New Bern, NC",msa,NC,156633.4167,173005.9167,202200.5,232890.75,254781.25
394810,348,"Lumberton, NC",msa,NC,80723.25,93523.91667,118265.5,118051.0833,120375.75
394635,350,"Goldsboro, NC",msa,NC,145099.5,148504.25,172381.5,194917.5,195171.5833
395090,394,"Shelby, NC",msa,NC,121749.0833,140317.1667,155162.8333,172294.4167,188230.5
753912,398,"Pinehurst, NC",msa,NC,247467.3333,273456.5833,313885.9167,371993.4167,397781.75
395231,455,"Wilson, NC",msa,NC,129205.25,140883.9167,163366,179787.1667,176354.25
394884,484,"Mount Airy, NC",msa,NC,126543.25,137881,154464.6667,164840.3333,188746.5833
394877,491,"Morehead City, NC",msa,NC,259637.0833,280132.25,334876.5833,380279.3333,413246.3333
395027,494,"Roanoke Rapids, NC",msa,NC,101357.25,104731.9167,110393.25,115170.25,113516.25
394922,501,"North Wilkesboro, NC",msa,NC,122611.6667,158232.6667,170530.75,198191.1667,201485
394600,515,"Forest City, NC",msa,NC,142792.5833,165327.4167,182571.4167,199506.9167,195914.25
395063,522,"Sanford, NC",msa,NC,153543.5833,178212,208680.75,253241.3333,264770.5
394309,526,"Albemarle, NC",msa,NC,154322.5833,162644.5,199051.0833,224897.3333,236074.6667
753877,554,"Cullowhee, NC",msa,NC,247309.5,294447,329353.5833,366706,384952.8333
394750,568,"Kinston, NC",msa,NC,91507.66667,98132.83333,124855.4167,143843.9167,130399.5833
394402,577,"Boone, NC",msa,NC,264197.8333,297296.3333,347845.1667,382308.0833,420042.5833
394562,582,"Elizabeth City, NC",msa,NC,171310.5833,191651.4167,211559.3333,239357.0833,238884.4167
753904,661,"Marion, NC",msa,NC,145274,170670.3333,189012.25,211610.6667,243651.8333
395034,669,"Rockingham, NC",msa,NC,73964.08333,86020.5,108636.5833,118928.8333,132751.1667
394677,676,"Henderson, NC",msa,NC,102532.25,129963,150979.5,163363.5,174255.0833
394745,744,"Kill Devil Hills, NC",msa,NC,323781.4167,358847.5,454231.0833,528775.6667,552011.9167
394414,792,"Brevard, NC",msa,NC,267451.6667,300136.9167,347685.0833,369419.25,415991.8333
394585,194,"Fargo, ND",msa,ND,205961.25,218785.0833,236452.9167,258737.1667,268699.75
394390,324,"Bismarck, ND",msa,ND,241986.0833,252603,259783.6667,266954.6667,277182.4167
394938,59,"Omaha, NE",msa,NE,180329.8333,194295.25,219360.6667,242367.5,259730.8333
394796,154,"Lincoln, NE",msa,NE,178231.3333,194270,220301.4167,241835.25,260838.1667
394638,462,"Grand Island, NE",msa,NE,145324.25,154340.9167,169940.9167,197833.3333,203947.5
394737,555,"Kearney, NE",msa,NE,172463.1667,184199.6667,210937.4167,232771.3333,243150.1667
394820,131,"Manchester, NH",msa,NH,272384.3333,304364.9167,356798.9167,398917.3333,426324.0833
845164,211,"Lebanon, NH",msa,NH,200045.5,228388.0833,267609.5,304059.75,333394.6667
394493,285,"Concord, NH",msa,NH,246925.3333,269963.9167,322831,369951.5833,387966.5833
395164,142,"Trenton, NJ",msa,NJ,224290.9167,254715.0833,296055.25,307957,327698.75
394348,180,"Atlantic City, NJ",msa,NJ,181300,201310.5,237498.0833,259571,276730.1667
395193,278,"Vineland, NJ",msa,NJ,127458.25,154515.9167,177794,190434.9167,204504.5
394928,410,"Ocean City, NJ",msa,NJ,347527.5833,412571.6667,492504.6667,529808.6667,566416.6667
394312,62,"Albuquerque, NM",msa,NM,209217.1667,229238.1667,267474.4167,308914.75,327029
394773,214,"Las Cruces, NM",msa,NM,184246.25,201179.1667,235196.9167,271297.25,285022.3333
395066,284,"Santa Fe, NM",msa,NM,374371.0833,409646.9167,472841.5833,538085.25,568870.9167
394588,342,"Farmington, NM",msa,NM,192201.6667,196307.5833,207684.75,239587.5,250470.8333
394305,493,"Alamogordo, NM",msa,NM,149748.0833,172875.5833,191981,200477,213053.8333
395040,509,"Roswell, NM",msa,NM,146005.8333,161271.5833,174803.3333,186355.8333,183938.9167
394775,30,"Las Vegas, NV",msa,NV,275649.4167,294187.0833,346448.25,407825.9167,391427.4167
395019,113,"Reno, NV",msa,NV,356615.5,395235.25,466339.8333,524862.8333,510232.0833
394592,550,"Fernley, NV",msa,NV,265528.1667,286572,342654.4167,388035.25,373183.3333
394444,551,"Carson City, NV",msa,NV,323674.6667,338806.3333,408533.1667,447837.1667,436797.6667
394566,573,"Elko, NV",msa,NV,243457.4167,255545.6667,284482.25,312556.4167,311545.9167
394954,601,"Pahrump, NV",msa,NV,238370.8333,252745.5,292940,345533.3333,301602.25
394628,610,"Gardnerville Ranchos, NV",msa,NV,421775.0833,467853.5833,577330.0833,630953.75,637297.5
394913,1,"New York, NY",msa,NY,393059.6667,428158,490333.9167,525795.9167,546138.0833
394425,50,"Buffalo, NY",msa,NY,156245.9167,167826.8333,190457,210807.5,225338.1667
395031,52,"Rochester, NY",msa,NY,145009,157056.6667,174056.75,187521.6667,206553.75
394308,64,"Albany, NY",msa,NY,190809.5833,205996.25,243080.1667,273557.8333,285234.4167
395143,91,"Syracuse, NY",msa,NY,141999.5833,154923.8333,165664.5,181462.4167,199733.6667
395179,169,"Utica, NY",msa,NY,125177.75,137153.75,157331.4167,171864.5833,177288.3333
394387,195,"Binghamton, NY",msa,NY,112198.5833,126395.1667,143582,154184.5833,162972.4167
394748,241,"Kingston, NY",msa,NY,228451.5833,262220.9167,303980.9167,344665.0833,363491.0833
394719,328,"Jamestown, NY",msa,NY,96925.16667,112351,125658.1667,144950.5833,144800.25
394633,331,"Glens Falls, NY",msa,NY,171481.9167,186873.0833,211323.25,234803.75,240464.9167
395213,351,"Watertown, NY",msa,NY,148159.6667,153187.25,171335.8333,185377.75,194664.5833
394709,376,"Ithaca, NY",msa,NY,216753.8333,242316.0833,264393.0833,308354.8333,312689.25
394501,413,"Corning, NY",msa,NY,102683.8333,117002.1667,133204.8333,142007.9167,146641.8333
394568,432,"Elmira, NY",msa,NY,100807.5,118621.9167,131262.1667,141540.8333,135666.4167
394986,452,"Plattsburgh, NY",msa,NY,137257,151929.8333,184146.25,215750.9167,208856.6667
394936,459,"Olean, NY",msa,NY,88150.58333,110351.0833,126656.3333,133419.5,129986.75
394350,464,"Auburn, NY",msa,NY,123823.8333,137337.3333,150664,159691.5,177492
394693,528,"Hudson, NY",msa,NY,240335.25,300261.5833,350344.1667,411148.4167,457275.75
394939,542,"Oneonta, NY",msa,NY,130519.5,149474.5833,161188.9167,185689.25,183698.75
394634,579,"Gloversville, NY",msa,NY,116095,132898.75,151005.5,154550.8333,166305.0833
394466,28,"Cincinnati, OH",msa,OH,166957.0833,180813.25,203429,220917.1667,232574.6667
394492,32,"Columbus, OH",msa,OH,183554.6667,199451.1667,227450.0833,251158.8333,265345.5833
394475,35,"Cleveland, OH",msa,OH,136806.5,148491.75,162343.6667,173301.5,179745
845158,74,"Dayton, OH",msa,OH,129085.8333,142579.75,154390.9167,163601.5833,173403.0833
394304,83,"Akron, OH",msa,OH,138425.75,148844.1667,155030,165767.25,170449
395160,93,"Toledo, OH",msa,OH,115456.9167,125896.0833,134433,141395.0833,143281.6667
395245,106,"Youngstown, OH",msa,OH,99898.33333,108985.3333,122116.4167,130580,135876.5833
394439,137,"Canton, OH",msa,OH,128247.8333,137446.0833,146267.8333,151349,159342.8333
394697,151,"Huntington, WV",msa,OH,124728.3333,130918.25,142788.8333,152593.75,155678.5833
395221,309,"Wheeling, WV",msa,OH,107320.3333,115131.1667,119636.8333,119456.25,116601.75
395117,316,"Springfield, OH",msa,OH,112604.3333,117803.9167,128341,139947.4167,144381.8333
394824,337,"Mansfield, OH",msa,OH,107473.8333,118672.6667,127474.0833,137652.75,140980.5833
395217,353,"Weirton, WV",msa,OH,86812.75,97539.91667,112219.3333,121440.4167,108728.75
394794,387,"Lima, OH",msa,OH,101271.6667,116475.6667,126232.5833,135071,142234.4167
753915,388,"Salem, OH",msa,OH,104754.3333,100069.75,115800.6667,126627.9167,133886.9167
394340,404,"Ashtabula, OH",msa,OH,96765.41667,112913.0833,125109.3333,128557.9167,139347.1667
394911,414,"New Philadelphia, OH",msa,OH,114937.0833,121210.1667,139698.75,150091.4167,165429.8333
395248,426,"Zanesville, OH",msa,OH,125064.5833,132751.9167,141236.75,142838.9167,157775.5833
394465,460,"Chillicothe, OH",msa,OH,105065.9167,127077,144464.75,145658.8333,157492.6667
395062,469,"Sandusky, OH",msa,OH,127238.8333,145745.6667,157031.8333,164099.0833,171324.9167
394593,470,"Findlay, OH",msa,OH,149533.9167,151181.3333,164060.25,173679.5833,183528.25
394999,474,"Portsmouth, OH",msa,OH,77060.58333,92198.5,105800.4167,115479.9167,103096.0833
394827,504,"Marion, OH",msa,OH,95555.66667,103227.5833,125996.1667,124024.8333,134563.3333
394889,524,"Mount Vernon, OH",msa,OH,142457.8333,158191,170653.6667,193703.75,207775.25
753903,538,"Marietta, OH",msa,OH,130034.1667,139579,146690.6667,150511.8333,156454
394618,541,"Fremont, OH",msa,OH,105433.0833,114377.5833,123932.5,131531.3333,144562.5833
395157,570,"Tiffin, OH",msa,OH,63334.16667,88950.25,112943.5,133341.1667,132773.5
394339,586,"Ashland, OH",msa,OH,128662.75,138676.3333,146693.9167,172393.5,165154.9167
394652,593,"Greenville, OH",msa,OH,106349.5,123209.4167,140837.5833,159641.5,169094.6667
395201,634,"Wapakoneta, OH",msa,OH,111558.0833,131354,147657.0833,162482.0833,167201.8333
394377,638,"Bellefontaine, OH",msa,OH,140496.6667,150072.1667,155871.4167,174761.5833,194852.3333
395178,712,"Urbana, OH",msa,OH,131648.5,139158.75,163794.75,178363.25,172922.1667
394935,42,"Oklahoma City, OK",msa,OK,161141.8333,175361.3333,191280.25,213390.1667,218980.5
395169,56,"Tulsa, OK",msa,OK,156982,176391.9167,197089.6667,217175.8333,223293.9167
394780,332,"Lawton, OK",msa,OK,119912,129265.5,130101.5,134536.75,138323
395088,482,"Shawnee, OK",msa,OK,117873.25,135890.5833,148058.9167,154249,163660.4167
394897,496,"Muskogee, OK",msa,OK,103206.0833,115111,132853.5,146470.75,148252.8333
394570,523,"Enid, OK",msa,OK,120257.4167,135193.4167,134520,141036.5,149113
394336,546,"Ardmore, OK",msa,OK,120396.1667,144895.25,176610.3333,174086.9167,184590.25
394363,590,"Bartlesville, OK",msa,OK,125607,124320.75,148687.75,162469.5,155942.5
395144,626,"Tahlequah, OK",msa,OK,117027.75,143585.1667,159694.1667,166209.4167,188894.9167
394990,664,"Ponca City, OK",msa,OK,89080.91667,102074.1667,109308.1667,120507.9167,119966.3333
394842,666,"McAlester, OK",msa,OK,116836.3333,134263,156085.6667,169447.4167,167008.6667
394545,673,"Duncan, OK",msa,OK,87735.41667,109348.25,112691.25,123686.6667,126292.3333
394300,720,"Ada, OK",msa,OK,125552.6667,133720.75,148346,164762.6667,176234.8333
394998,25,"Portland, OR",msa,OR,385292.75,412953.4167,479050.6667,524994.8333,519876.75
395048,126,"Salem, OR",msa,OR,283734.8333,317314.5,371889.0833,412836.5833,418363.1667
394576,146,"Eugene, OR",msa,OR,291480.75,325770.5,379642.5833,424702.75,429870.25
394848,210,"Medford, OR",msa,OR,302474.1667,330532.75,382156.6667,423153.9167,418590.8333
394380,232,"Bend, OR",msa,OR,400367.6667,435013.3333,564442.9167,657777.25,628430.4167
394307,330,"Albany, OR",msa,OR,253912.3333,283882.25,331401.5,369962.25,382357.5
395039,366,"Roseburg, OR",msa,OR,222253.5,239529.4167,278461.25,317861.6667,305747.5
394505,411,"Corvallis, OR",msa,OR,362839.6667,390865.9167,446455.0833,503232.5,522214.8333
753887,417,"Hermiston, OR",msa,OR,197826.25,224980.75,254497,280900,282634
394641,422,"Grants Pass, OR",msa,OR,289079.25,312670.9167,370498.9167,398053.9167,388457.5
394752,490,"Klamath Falls, OR",msa,OR,180531.3333,209309.1667,258695.1667,273172.0833,289784.25
394496,514,"Coos Bay, OR",msa,OR,222488.9167,234746.6667,275165.5833,327074.8333,330222.5833
394940,557,"Ontario, OR",msa,OR,188938.6667,218871.8333,268394.0833,298774.5,298078.3333
753905,604,"Newport, OR",msa,OR,297791.5,324762.3333,406669.0833,455239.25,447544.0833
394341,691,"Astoria, OR",msa,OR,313785.5833,355715.4167,426175.5833,486178.6667,480023.3333
394974,7,"Philadelphia, PA",msa,PA,222457.0833,245861.75,271996,289050.4167,306366.25
394982,27,"Pittsburgh, PA",msa,PA,157340.5,170275.4167,188549.5,195450.5,195229.4167
394318,70,"Allentown, PA",msa,PA,182961.25,204299.0833,234636.3333,262765.8333,281836.6667
394666,99,"Harrisburg, PA",msa,PA,170448.0833,182627.75,195115,215564.25,228522.5833
395075,101,"Scranton, PA",msa,PA,118432.8333,128535.5,152988.6667,172968.3333,178244.9167
394768,104,"Lancaster, PA",msa,PA,203949.5,222946.1667,245233.3333,275412,295364.5
395244,122,"York, PA",msa,PA,170111.5,183421.5,194849.75,213057.9167,233018.8333
395015,128,"Reading, PA",msa,PA,159976.4167,174506.6667,192094.1667,206421,225258.6667
394572,184,"Erie, PA",msa,PA,120267.8333,130671.9167,139618.1667,153962.25,160448.4167
394553,263,"East Stroudsburg, PA",msa,PA,150927.5833,167089,222312.5,257820.25,275260
395125,273,"State College, PA",msa,PA,244837.25,259308.6667,269105.25,298562.5,317732.5
394453,277,"Chambersburg, PA",msa,PA,173290.9167,184653.5833,202221.9167,223856.75,243649.25
395000,304,"Pottsville, PA",msa,PA,87624.16667,90921.25,85071.58333,89623.41667,102494.3333
394783,306,"Lebanon, PA",msa,PA,167975.25,178670.5,189247.4167,217481.25,224013.5
394727,322,"Johnstown, PA",msa,PA,73326.25,78745.66667,82844.16667,101277.8333,96724.08333
394321,340,"Altoona, PA",msa,PA,107335.25,114645.1667,127480.5,132653.0833,143650.8333
395225,359,"Williamsport, PA",msa,PA,142780.25,147623.5833,163180.5833,173082.6667,180222.8333
394630,382,"Gettysburg, PA",msa,PA,191732.75,215520.9167,237666.0833,252879.8333,261595.0833
395140,415,"Sunbury, PA",msa,PA,100442.5,99350.75,104020.25,103011.5833,93705.58333
394907,427,"New Castle, PA",msa,PA,93067.91667,97886.83333,104626.5833,117013,121814.5
394847,431,"Meadville, PA",msa,PA,99286,106467.6667,119172.75,134986.5,139615.6667
394704,436,"Indiana, PA",msa,PA,101301.4167,105210.5,117569.5,124689,133386.9167
394395,439,"Bloomsburg, PA",msa,PA,142982.75,155662.75,174904.5,184225.5833,189492.1667
394541,450,"DuBois, PA",msa,PA,83197.33333,92298.66667,100912.4167,123101.75,117629.9167
395106,475,"Somerset, PA",msa,PA,122875.4167,136419.9167,166458,175064.8333,163503.3333
395071,536,"Sayre, PA",msa,PA,127812.6667,141659.8333,140869.1667,163824.0833,163069.0833
395005,39,"Providence, RI",msa,RI,276103.9167,302508.4167,344880.25,380284.5,402447.9167
394653,61,"Greenville, SC",msa,SC,188776.0833,206420.1667,239017,271588.25,280292.1667
394486,72,"Columbia, SC",msa,SC,158976.25,174747.5833,198112.25,226938.9167,235000.6667
394457,75,"Charleston, SC",msa,SC,256523.1667,282780.5,328536.6667,375153.1667,393607
394898,117,"Myrtle Beach, SC",msa,SC,181261.0833,200396.25,234450.1667,279378.0833,292611.75
395109,160,"Spartanburg, SC",msa,SC,150816.9167,170153,196203.9167,226322.5,236719.6667
394681,216,"Hilton Head Island, SC",msa,SC,290208.75,321685.6667,374966.75,426786.75,481755.6667
394597,228,"Florence, SC",msa,SC,129710.4167,142055,157121.5833,168208.5833,170659.5833
395139,314,"Sumter, SC",msa,SC,138381.5,149296.75,172961.5,186280.3333,193996.25
394942,429,"Orangeburg, SC",msa,SC,108146.75,127253,147574.6667,153009.25,160853.75
395085,457,"Seneca, SC",msa,SC,170850,206743.8333,223303.5,246114.1667,268629.5833
394655,488,"Greenwood, SC",msa,SC,121839.5,140594,162437.6667,171558.5833,190253.6667
394629,520,"Georgetown, SC",msa,SC,257921.6667,287356.5,312710.4167,328679.1667,363154.8333
394621,558,"Gaffney, SC",msa,SC,112663.5833,115081.6667,125632.75,140668.75,155941.5
395103,182,"Sioux Falls, SD",msa,SD,207405.25,220416.8333,251872.9167,285104.0833,291879.5
395013,313,"Rapid City, SD",msa,SD,223187.25,242712.75,279381.1667,330925.3333,336967.0833
394902,37,"Nashville, TN",msa,TN,268431.5833,292559.9167,343697.6667,404528.3333,404522.5
394849,44,"Memphis, TN",msa,TN,158897.4167,178157.0833,202540.3333,223872.4167,222350.4167
394753,65,"Knoxville, TN",msa,TN,181087.8333,204847.1667,238935.6667,281929.5833,310261.5
394460,102,"Chattanooga, TN",msa,TN,177522.8333,197977.9167,229392.6667,263631.25,273331.1667
394471,163,"Clarksville, TN",msa,TN,166841.75,184881.75,219692.5,262094.6667,269422.4167
394747,167,"Kingsport, TN",msa,TN,134432.75,146471.8333,161721.4167,179041.0833,198184.8333
394726,224,"Johnson City, TN",msa,TN,151680.6667,161107.8333,186969.1667,211502.9167,233276.5833
394712,246,"Jackson, TN",msa,TN,127677.5,142015.25,164897.1667,189406.25,184118.8333
394880,307,"Morristown, TN",msa,TN,149889.6667,165303.75,194522.0833,233156.5,243194.5
394474,334,"Cleveland, TN",msa,TN,161307,185915.8333,215915.5833,239565.4167,260797.3333
394495,363,"Cookeville, TN",msa,TN,148306.0833,169067.0833,209595.5833,249164,250057.5833
395168,374,"Tullahoma, TN",msa,TN,151407.5833,176119.8333,205539.1667,238789.9167,252315.1667
395086,402,"Sevierville, TN",msa,TN,220757.9167,257172.5,371422.5,447339.25,420688.6667
394647,486,"Greeneville, TN",msa,TN,128724.5,137301.9167,162751.4167,181618.6667,190236.1667
394509,534,"Crossville, TN",msa,TN,155037.3333,173756.6667,222507.9167,258048,266163.8333
394344,584,"Athens, TN",msa,TN,132198.25,138303.3333,174968.9167,216882.4167,221255.5
395091,606,"Shelbyville, TN",msa,TN,165870.1667,182308.5,232306.6667,266312.3333,279475.25
394779,665,"Lawrenceburg, TN",msa,TN,110318.9167,140004.75,166656.0833,192659.9167,196142.0833
394845,690,"McMinnville, TN",msa,TN,119106,135804,166897.5,190257.4167,209711.3333
394550,740,"Dyersburg, TN",msa,TN,112409.0833,118327.5,131641.5833,134476.0833,146226.4167
394786,783,"Lewisburg, TN",msa,TN,171686.8333,195718.4167,244165.25,271894.1667,285415.9167
394962,800,"Paris, TN",msa,TN,94594,111803.4167,135451.9167,159539.75,171003.25
394514,4,"Dallas, TX",msa,TX,259982.25,278704.25,331942.75,386045.75,377724.6667
394692,5,"Houston, TX",msa,TX,226806.1667,242546.5,284887.75,317944,262428.1667
395055,24,"San Antonio, TX",msa,TX,217050.0833,235296.25,272548.8333,312722.3333,306272.9167
394355,29,"Austin, TX",msa,TX,319927.4167,350208.25,455731,517779.6667,465083.1667
394843,67,"McAllen, TX",msa,TX,146797.4167,163079.8333,182665.9167,200191.6667,199883.6667
394561,69,"El Paso, TX",msa,TX,147471.25,162964.9167,185536.25,216220.4167,228975.5833
394746,120,"Killeen, TX",msa,TX,157990.9167,174746.5833,213545.3333,254878.5,253604.5833
394502,129,"Corpus Christi, TX",msa,TX,188934.75,209389.25,241973.0833,263475.75,259585.5833
394421,130,"Brownsville, TX",msa,TX,149420.0833,167627.9167,193461,218123,229313.3333
394372,140,"Beaumont, TX",msa,TX,161622.9167,173870.8333,186817.4167,198344,190948.3333
394808,162,"Lubbock, TX",msa,TX,163003.5,173601.0833,195464.6667,214320.6667,218991.4167
394803,173,"Longview, TX",msa,TX,169412.0833,177070.4167,205839.4167,231478.9167,237269.9167
395197,178,"Waco, TX",msa,TX,182786.9167,200054,231945,258993.5833,257412.4167
394323,186,"Amarillo, TX",msa,TX,161492.75,177323.75,197463.75,213651.5,220017.75
394772,187,"Laredo, TX",msa,TX,178574.25,190067.5833,197259.75,216162.1667,224556.0833
394483,189,"College Station, TX",msa,TX,221946.0833,231744.25,254047.25,288565.4167,298184.5833
395174,201,"Tyler, TX",msa,TX,205328.5,227695.5,256280.8333,283545.3333,297859.5
394299,251,"Abilene, TX",msa,TX,161322.75,169884.4167,193401.25,211815.3333,209719.8333
394860,254,"Midland, TX",msa,TX,297064.3333,293238,301304.1667,312222.25,324396.1667
394930,271,"Odessa, TX",msa,TX,219431.6667,222893,228103.1667,239040.3333,233097.75
395223,298,"Wichita Falls, TX",msa,TX,129028.75,141730.8333,161102.25,178092.8333,184822.5833
395152,299,"Texarkana, TX",msa,TX,135894.6667,158300.0833,177787.4167,191669.75,178377
395094,319,"Sherman, TX",msa,TX,179619.75,183591.0833,236562.25,264961.5,267870.9167
395190,400,"Victoria, TX",msa,TX,180745.8333,187082.4167,205898.5,223948.3333,226412.3333
394345,446,"Athens, TX",msa,TX,202522.0833,227890.4167,259297.4167,291308.5833,294768.8333
394699,465,"Huntsville, TX",msa,TX,179168.75,194039.1667,225726.9167,247865.25,257582.25
394742,589,"Kerrville, TX",msa,TX,246783.5833,270379.8333,327106.3333,361167.1667,361234.5833
395129,680,"Stephenville, TX",msa,TX,154579.9167,190359.5833,218913.3333,263407.4167,276129.1667
395053,48,"Salt Lake City, UT",msa,UT,328862.25,363876.6667,444101,507744.9167,496625.3333
394931,87,"Ogden, UT",msa,UT,285121.6667,317057,386199,446833.8333,442763.25
395006,92,"Provo, UT",msa,UT,316742,346624.8333,430610.0833,498852.3333,487778.5833
395119,249,"St. George, UT",msa,UT,302806.4167,342596.75,421686.75,503674.9167,485896.9167
394800,301,"Logan, UT",msa,UT,254183.8333,281077.1667,337521.9167,402551.5,402954
394674,467,"Heber, UT",msa,UT,645603.3333,712962.5,804597.5833,973774.5833,996617
395209,6,"Washington, DC",msa,VA,391721.5833,421219.3333,454713.4167,481382.5,497722.4167
395194,38,"Virginia Beach, VA",msa,VA,230555.75,248110.8333,271097.4167,289996,303706.8333
395022,45,"Richmond, VA",msa,VA,233753.5833,254022.5,282459.8333,309640.9167,326970.8333
395028,164,"Roanoke, VA",msa,VA,175750.4167,195938.3333,213064.9167,232302,241465.8333
394811,191,"Lynchburg, VA",msa,VA,171009,186965.75,211017.3333,236639.5833,244417.8333
394459,212,"Charlottesville, VA",msa,VA,282656.75,305418.4167,343604.8333,378699,399824.75
394392,265,"Blacksburg, VA",msa,VA,176989.8333,206795.3333,224201.9167,253864.0833,266381.9167
395232,308,"Winchester, VA",msa,VA,232607.5833,261859.6667,294527.9167,322973.75,340640.6667
394668,317,"Harrisonburg, VA",msa,VA,205570.5,226557,246900.9167,280163.75,300447.8333
395128,338,"Staunton, VA",msa,VA,185450.5,205101.5,231201.75,258940.4167,269781
394518,385,"Danville, VA",msa,VA,94852.83333,105789.5833,108857.5833,116138.4167,120639.75
394836,516,"Martinsville, VA",msa,VA,81334.25,83475.58333,108185.4167,111523.5,97607.58333
394429,206,"Burlington, VT",msa,VT,282233.8333,291386,334899.9167,375586.4167,398252.8333
395044,533,"Rutland, VT",msa,VT,157935.6667,179769.9167,216832,258909.5833,246153.5833
394362,540,"Barre, VT",msa,VT,177551.6667,225608,253549.5833,291404.6667,316082.4167
394382,736,"Bennington, VT",msa,VT,173892.75,245144.25,273493.0833,310529.6667,319886.8333
395078,15,"Seattle, WA",msa,WA,452448.25,503150.1667,600140.4167,664898.4167,649356.1667
395113,100,"Spokane, WA",msa,WA,242235.0833,277945.25,339848.6667,386098.5833,376729.5833
394741,168,"Kennewick, WA",msa,WA,284278,304032.6667,345583.75,399643.5,398450.8333
394937,172,"Olympia, WA",msa,WA,318139.4167,357627.9167,431354.5833,484105.1667,485216
394412,181,"Bremerton, WA",msa,WA,350051.1667,393495.5,460301.0833,510380.5,497846.8333
395240,193,"Yakima, WA",msa,WA,232976.6667,253431.8333,298153.1667,321341.9167,329652
394378,205,"Bellingham, WA",msa,WA,366580.0833,401902.0833,489030,555690.25,546232.9167
394890,327,"Mount Vernon, WA",msa,WA,344424.75,382886.3333,457907.9167,511138,519888.8333
395218,345,"Wenatchee, WA",msa,WA,329021.5,358261.8333,409487.1667,462188.3333,469115.3333
394804,368,"Longview, WA",msa,WA,258284.3333,290523.6667,334267.4167,349761,361737.8333
394882,403,"Moses Lake, WA",msa,WA,211329.6667,239704.8333,289392.4167,333969.1667,325991.5
394925,428,"Oak Harbor, WA",msa,WA,364318.5833,399372.1667,488034.0833,522216.0833,541372.5833
394452,447,"Centralia, WA",msa,WA,240207.1667,277142.3333,340894.9167,386683.4167,384852.5
394994,463,"Port Angeles, WA",msa,WA,285691.1667,327624.5833,426211.0833,486063.4167,475838.75
394298,473,"Aberdeen, WA",msa,WA,188234.5,219469.75,274022.5833,304998.5,310542.5
395092,510,"Shelton, WA",msa,WA,260362,295438.25,363744.1667,410312.4167,413146.9167
395199,525,"Walla Walla, WA",msa,WA,249497.75,286311.3333,332746.3333,381919.3333,386038.5833
394567,663,"Ellensburg, WA",msa,WA,317691.4167,363922.5833,417763,461804.3333,483477.1667
394862,41,"Milwaukee, WI",msa,WI,213505.8333,219338.5,232112.5,251679.4167,268959.3333
394816,88,"Madison, WI",msa,WI,256458.4167,275431.3333,307713.3333,337006.3333,350843.5833
394646,157,"Green Bay, WI",msa,WI,176321.3333,187264.9167,212983.4167,243343.8333,265942.9167
394334,197,"Appleton, WI",msa,WI,173909.25,185319.25,211450.8333,243079.5833,260476.3333
395011,231,"Racine, WI",msa,WI,172613.75,178811,181177.75,183205.75,210137.9167
394944,257,"Oshkosh, WI",msa,WI,151908.8333,164510.1667,180901.0833,203319.75,221904.8333
394555,258,"Eau Claire, WI",msa,WI,174983,189778.9167,210840.3333,245235.0833,257587.9167
395215,266,"Wausau, WI",msa,WI,146005.3333,156352.25,168923.6667,184912.1667,197629.1667
394720,268,"Janesville, WI",msa,WI,153316,167156,182991.5,201085.1667,219399.3333
394756,311,"La Crosse, WI",msa,WI,184566.5833,197708.5,211057.0833,229148.8333,246316.25
395089,352,"Sheboygan, WI",msa,WI,161672.0833,167984.8333,178545.5,198536.8333,219709.3333
395222,375,"Whitewater, WI",msa,WI,204980.5,228060.75,250765.0833,278273.75,300080.4167
394599,381,"Fond du Lac, WI",msa,WI,139378.9167,145894.1667,162535,176403,202336.75
394373,420,"Beaver Dam, WI",msa,WI,153004.6667,170626.25,188391.4167,206045.1667,222510.1667
395212,430,"Watertown, WI",msa,WI,207366.25,221056.25,238725.1667,259395.8333,285347.8333
394822,448,"Manitowoc, WI",msa,WI,117414.9167,123348,144270.5833,157172.5,178945.1667
753928,476,"Wisconsin Rapids, WI",msa,WI,117943.25,123923.1667,143913.75,167157.5833,172522.5833
395132,485,"Stevens Point, WI",msa,WI,175203.25,190097.75,207371.3333,222349.9167,252415.3333
394360,505,"Baraboo, WI",msa,WI,181950.4167,204486.8333,211363.4167,227151.4167,242543.1667
394825,507,"Marinette, WI",msa,WI,100187.25,113693.9167,127405.3333,156706.6667,163262.75
394455,192,"Charleston, WV",msa,WV,115213.6667,124688.5833,137189.4167,148805.3333,147946.8333
394879,310,"Morgantown, WV",msa,WV,192069.3333,201244.0833,209069.5833,219661,225991.0833
394469,418,"Clarksburg, WV",msa,WV,131753.75,150123.9167,147049.6667,157839.25,161562.5833
394964,419,"Parkersburg, WV",msa,WV,121666.4167,132638.25,148532.8333,148084.25,151613.5
394462,391,"Cheyenne, WY",msa,WY,253847.0833,274807.3333,306594.75,340456.4167,348243.0833
394445,454,"Casper, WY",msa,WY,213343.4167,219838.8333,240378.8333,260800.8333,271433.8333
